,Pokemon,Caption
0,Parasect,a cartoon crab wearing a pink hat with yellow spots
1,Sobble,a blue and yellow pokemon character with a big smile
2,Lumineon,a blue and white fish with a black background
3,Raikou,a drawing of a yellow and black cat
4,Runerigus,a paper cut out of a lizard with its mouth open
5,Dedenne,a yellow and black pokemon pikachu character
6,Pyroar,a drawing of a cat with red eyes and a yellow tail
7,Pawmi,a very cute looking animal with big eyes
8,Articuno,a blue and white bird with large wings
9,Maushold Family of Four,a group of cartoon mouses standing next to each other
10,Magmortar,a cartoon character in a yellow and red outfit
11,Bulbasaur,a green and black pokemon with red eyes
12,Banette,a cartoon cat with a big smile on its face
13,Staraptor,a very cute looking bird with a big beak
14,Pidove,a white bird with a black beak and yellow eyes
15,Morgrem,a cartoon character with a demon like body
16,Comfey,a wreath of flowers with a bird sitting on top of it
17,Taillow,"a bird with a red, white, and blue beak"
18,Charizard,an orange and blue dragon with a flame coming out of its mouth
19,Infernape,a very cute looking pokemon character
20,Marshadow,a drawing of a cartoon character with red eyes
21,Thundurus Incarnate Forme,a very cute looking cartoon character with big eyes
22,Alakazam,a cartoon of a yellow fox holding spoons
23,Lickitung,a pink cartoon character with its mouth open
24,Zigzagoon,a cartoon porcupine running with its mouth open
25,Starmie,a star with a diamond on top of it
26,Deoxys Normal Forme,a stylized image of a woman in red and blue
27,Purugly,a gray and white cat with yellow eyes
28,Tandemaus,a couple of white mouses standing next to each other
29,Yanmega,a green and pink insect flying through the air
30,Yveltal,a red and black bird with large wings
31,Petilil,a cartoon character with a green leaf on its head
32,Torterra,a green and white pokemon character with a tree on top of it
33,Cresselia,a cartoon bird with a pink tail and a blue body
34,Regigigas,a cartoon character with a banana in his hand
35,Sandshrew,a yellow and white cat with blue eyes
36,Palkia,a drawing of a cartoon character flying through the air
37,Impidimp,a pink cartoon character with horns and eyes
38,Froakie,a blue frog with big eyes and a big smile
39,Kilowattrel,a bird flying through the air with its wings spread
40,Arrokuda,a brown and white fish on a black background
41,Munna,a pink and purple pokemon ball with a flower on it
42,Bellossom,a cartoon character with a flower in her hair
43,Gabite,a cartoon of a blue and orange dragon
44,Mareep,a white sheep with a blue face and yellow horns
45,Shieldon,a cartoon animal with a helmet on its head
46,Sneasler,a picture of a cat that is very cute
47,Stoutland,a very cute looking cat with big eyes
48,Corviknight,a blue bird with a black background
49,Accelgor,a cartoon character with a green and red helmet
50,Makuhita,a yellow pokemon pikachu with a black collar
51,Seviper,a very cute cartoon character with a big smile
52,Archeops,a very cute looking pokemon with big eyes
53,Tirtouga,a very cute looking cartoon fish with a big smile
54,Lampent,a cartoon character with a hat on his head
55,Nosepass,a blue and red animal with a black face
56,Chi-Yu,a cartoon fish with headphones floating in the water
57,Minior Meteor Form,a drawing of a ball with spikes on it
58,Ceruledge,a stylized image of a person with a sword
59,Nidoking,a purple and white cartoon character with big teeth
60,Huntail,a blue and orange cartoon fish with its mouth open
61,Carracosta,a cartoon character with a blue body and black eyes
62,Nidoqueen,a drawing of a blue and gray dragon
63,Inkay,a drawing of a blue bird wearing a pink hat
64,Avalugg,a drawing of a piece of paper on a white background
65,Grubbin,a close up of a cartoon character with big eyes
66,Sentret,a very cute looking animal on a black background
67,Golbat,a purple and black dragon with its mouth open
68,Skorupi,a blue and purple cartoon character with horns
69,Indeedee Male,a cartoon character in a purple outfit
70,Conkeldurr,a cartoon character holding onto a rock
71,Jellicent,a pink and white bird with wings
72,Yungoos,a cartoon animal with a big mouth and sharp teeth
73,Meltan,a black and white picture of a yellow object
74,Arctovish,a blue and white fish floating in the water
75,Zacian Hero of Many Battles,a blue and white dog with a red tail
76,Barraskewda,a drawing of a fish with sharp teeth
77,Luxio,a cartoon of a black and yellow cat
78,Duraludon,a white robot with a blue background
79,Poliwrath,a black and white cartoon character with arms and legs
80,Binacle,a drawing of a cartoon character with two hands in the air
81,Galvantula,a yellow and blue pokemon pikachu laying down
82,Hippopotas,a yellow and brown animal with big eyes
83,Magnemite,a mechanical device with a screwdriver attached to it
84,Swirlix,a white cloud with pink eyes and a pink nose
85,Finneon,a pink and blue pokemon character with big eyes
86,Kleavor,a very cute looking pokemon with big wings
87,Medicham,a pink and yellow cartoon character holding a pair of scissors
88,Yamper,a cartoon of a yellow and white rabbit with its tongue out
89,Crawdaunt,a cartoon character with a star on his head
90,Mienfoo,a cartoon character with a boxing glove
91,Electrike,a green and yellow dragon with its mouth open
92,Florges,a pink flower with green leaves on a black background
93,Coalossal,a cartoon character with a red light on his face
94,Shinx,an elephant with a star on its back
95,Eiscue Ice Face,a penguin with a cube on its head
96,Quaquaval,a cartoon character with a blue bird on his arm
97,Shellos,a blue and yellow duck with horns on it's head
98,Gothita,a purple and black cat with big eyes
99,Overqwil,a picture of a cartoon character with spikes on his head
100,Porygon,a pink and blue bird sitting on top of a black background
101,Budew,a green and yellow animal with a big smile
102,Alomomola,a pink bird with yellow eyes flying through the air
103,Dratini,a blue and white bird with a black background
104,Reshiram,a drawing of a white bird with blue eyes
105,Sawsbuck,a cartoon deer with flowers on its antlers
106,Blaziken,a drawing of a red and yellow pokemon
107,Serperior,a green and yellow lizard with an open mouth
108,Toxicroak,a cartoon character with a ball in his hand
109,Flareon,a red and yellow pokemon pikachu running
110,Gliscor,a cartoon cat with yellow eyes and yellow eyes
111,Heatran,a brown and white animal with yellow spots
112,Thievul,a red fox with a black mask on
113,Beedrill,a yellow and black bee with its mouth open
114,Butterfree,a cartoon character with big eyes and wings
115,Tadbulb,a yellow and black object with a black background
116,Fletchinder,a colorful bird sitting on top of a black background
117,Tsareena,a green and white cartoon character with big eyes
118,Ludicolo,a cartoon turtle wearing a green hat
119,Phanpy,a cartoon elephant with orange ears and a blue body
120,Gholdengo,a yellow cartoon character with a flashlight
121,Cyndaquil,a cartoon character with a hat on his head
122,Swellow,"a bird with orange, white, and green feathers"
123,Machop,a cartoon character with a big smile on his face
124,Eternatus,a stylized image of a dragon flying through the air
125,Naganadel,a purple and black cartoon character holding a sword
126,Ariados,a red and yellow spider with horns on it's head
127,Passimian,a very cute looking pokemon with a big tail
128,Frogadier,a blue cartoon character holding a white object
129,Roggenrola,a blue turtle with a yellow light on its head
130,Shroodle,a black and green cartoon character with big eyes
131,Shedinja,a pokemon pikachu flying through the air
132,Tatsugiri Curly Form,an orange and white snake sitting on top of a white object
133,Nidoran♂,a very cute looking purple dragon with big eyes
134,Duosion,a green and white cartoon character with a pink nose
135,Scraggy,a yellow cartoon character with a red tie
136,Gumshoos,a cartoon of a monster with sharp teeth
137,Latias,a red and white bird with yellow eyes
138,Shelmet,a cartoon character with a big smile on his face
139,Sawk,a cartoon character in a blue and white outfit
140,Pawmo,a yellow pokemon pikachu flying through the air
141,Venusaur,a drawing of a monster with a crown on its head
142,Azelf,a blue and white cartoon character holding a flower
143,Sinistea,a drawing of a purple hat on top of a cup
144,Quaxwell,a cartoon character with blue hair and yellow shoes
145,Fletchling,a cartoon bird with black and orange feathers
146,Obstagoon,a drawing of a cartoon character with his tongue out
147,Musharna,a drawing of a cat sleeping on its back
148,Drampa,a blue and white dragon sitting on top of a blue ground
149,Liepard,a very cute looking cat with big eyes
150,Aipom,a purple monkey with a gold crown on it's head
151,Arboliva,a drawing of a tree with fruit on it
152,Xurkitree,a black and white cartoon character with a star on his head
153,Meditite,a cartoon character sitting on the ground
154,Heatmor,a cartoon character with a banana in his hand
155,Seaking,a red and white fish with black spots
156,Chandelure,a black and purple logo with flames coming out of it
157,Ivysaur,a blue pokemon with a pink flower on its head
158,Calyrex,a white and gray pokemon with a green balloon
159,Gible,a cartoon blue shark with its mouth open
160,Corphish,a red and white cartoon crab with its mouth open
161,Octillery,a red cartoon animal with yellow spots on its feet
162,Cubone,a drawing of a cartoon character with scissors
163,Crocalor,a cartoon character with an orange hat on his head
164,Manectric,a blue and yellow pokemon character with its mouth open
165,Dusclops,an image of a cartoon character
166,Wo-Chien,a cartoon picture of a monster sitting on top of a pile of wood
167,Gengar,a cartoon character with a big smile on his face
168,Larvitar,a green cartoon character with red eyes
169,Rampardos,a gray and blue cartoon character with horns
170,Dusknoir,a cartoon character in a gray and yellow outfit
171,Wigglytuff,a pink bunny sticker with big eyes
172,Castform,a white cartoon character with big eyes
173,Quaxly,a blue and white bird with a blue hat
174,Chinchou,a drawing of a blue fish with yellow eyes
175,Litleo,a cartoon animal with a red mohawk on its head
176,Tyrogue,an image of a cartoon character doing a trick
177,Floragato,a green and white cat with big eyes
178,Grapploct,a blue and yellow octopus with yellow eyes
179,Ditto,a cartoon character with a smile on his face
180,Koffing,an image of a cartoon character with a skull and crossbone
181,Scrafty,a cartoon character with a red mohawk sitting down
182,Kakuna,a very cute looking cartoon character with big eyes
183,Cleffa,a cartoon character with a hat on his head
184,Gastrodon,a blue and green sea horse with a black background
185,Wingull,a white and blue airplane flying through the sky
186,Granbull,a purple cartoon dog with a black collar
187,Sunflora,a cartoon sunflower with a happy face
188,Tarountula,a white ball of yarn sitting on top of a table
189,Delcatty,a drawing of a cat wearing a purple hat
190,Whismur,a purple cartoon character with yellow ears
191,Flaaffy,a pink and black cartoon character sitting on the ground
192,Gastly,a cartoon character with a big smile on his face
193,Growlithe,an orange and white furry animal sitting down
194,Sigilyph,a cartoon bird with colorful wings and a beak
195,Cascoon,a white object with red eyes and spikes
196,Hydreigon,a very cute looking pokemon with big eyes
197,Cryogonal,a bunch of cubes floating in the air
198,Stunfisk,a cartoon bird with a yellow hat on its head
199,Stantler,a drawing of a deer with horns on it's head
200,Dracovish,a cartoon character flying through the air
201,Rapidash,a drawing of a white horse with yellow and red flames
202,Steenee,a cartoon character with green hair and a pink dress
203,Snubbull,a pink and black cartoon character with big ears
204,Crabominable,a couple of pokemons that are next to each other
205,Surskit,a blue spider with a yellow hat on its head
206,Ampharos,a yellow pokemon pikachu with red eyes
207,Tangela,a cartoon character with a blue hair and eyes
208,Clodsire,a sticker of an animal laying down
209,Orthworm,a very cute red and white toy with a big smile
210,Arbok,a cartoon snake with yellow eyes and a big smile
211,Amaura,a blue dinosaur with a yellow crown on its head
212,Lucario,a very cute looking pokemon with big red eyes
213,Rhydon,a very cute looking pokemon with a big smile
214,Hatterene,a drawing of a cartoon character wearing a hat
215,Pupitar,a very cute looking cartoon character with big eyes
216,Elekid,a yellow cartoon character with a black background
217,Goomy,a cartoon character with a big smile on his face
218,Vullaby,a pink and black bird sitting on top of a egg
219,Venipede,a red and green bug with yellow eyes
220,Doublade,a couple of cartoon animals with big eyes
221,Bellibolt,a cartoon character holding a frying pan
222,Regieleki,a yellow and blue object with a star on it
223,Pignite,a very cute looking cartoon character with big eyes
224,Monferno,a cartoon monkey with a blue and yellow mask
225,Sandile,a cartoon armadion with sunglasses and a pink tongue
226,Mr. Rime,a very cute looking cartoon character with a big smile
227,Brionne,a blue and white cartoon character flying through the air
228,Machamp,a drawing of a cartoon character
229,Wailord,a blue and white whale floating in the air
230,Rhyhorn,a very cute looking pokemon with big eyes
231,Iron Jugulis,a very cute looking cartoon character with pink hair
232,Ninjask,a sticker of a bee with wings
233,Grotle,a cartoon of a turtle with green leaves on its head
234,Dragonair,a blue and white snake with wings on its head
235,Zebstrika,a black and white zebra with blue eyes
236,Zarude,a black cat with red eyes holding a green rope
237,Pikachu,a cartoon pikachu with a big smile on its face
238,Typhlosion,a cartoon picture of a very big furry animal
239,Aromatisse,a purple and yellow pokemon character with big eyes
240,Sizzlipede,a drawing of a red snake with yellow eyes
241,Salandit,a black and orange lizard on a black background
242,Chimecho,a cartoon character with a smile on his face
243,Diggersby,a cartoon bunny holding a piece of cheese
244,Trevenant,a drawing of a creature with green leaves on its body
245,Audino,a pink and yellow cartoon character with big eyes
246,Dodrio,a couple of birds standing next to each other
247,Azumarill,an image of a blue bunny with an egg
248,Perrserker,a cartoon of a monster with a big mouth and sharp teeth
249,Aggron,a drawing of a gray and white pokemon character
250,Totodile,a blue cartoon dinosaur with its mouth open
251,Tauros,a drawing of a bison with long horns
252,Cottonee,a green and white cloud with orange eyes
253,Araquanid,a plate with a bunch of white flowers on it
254,Gallade,a blue and white bird with a hat on it's head
255,Tropius,a very cute looking cartoon character with a big leaf
256,Silcoon,a gray shark with red eyes and sharp teeth
257,Bouffalant,an animal with horns and horns on it's head
258,Nidoran♀,a cartoon of a cat with its mouth open
259,Dialga,a drawing of a blue and white pokemon
260,Wattrel,a bird with a yellow beak and a black body
261,Frigibax,a cartoon character with a surprised look on his face
262,Woobat,a cartoon bat with a big smile on it's face
263,Archen,a very cute looking pokemon with its mouth open
264,Ho-oh,a colorful bird with its wings spread out
265,Scorbunny,a white and orange cartoon character flying through the air
266,Noibat,a drawing of a bat with yellow eyes
267,Wartortle,a very cute looking pokemon with big eyes
268,Chien-Pao,a drawing of a white dragon with sharp teeth
269,Eevee,a cartoon of a pikachu sitting down
270,Mewtwo,a cartoon character with a cat like body
271,Buneary,a cartoon bunny holding a pink cloud in the air
272,Sableye,a drawing of a purple cat with big eyes
273,Bidoof,a brown and white animal with a big nose
274,Rookidee,a blue and yellow bird with red eyes
275,Scovillain,two green and red cartoon characters facing each other
276,Braixen,a drawing of a fox holding a stick
277,Elgyem,a blue cartoon character with green eyes
278,Pidgey,a cartoon bird with an open beak
279,Electabuzz,a yellow and black cartoon character
280,Quagsire,a cartoon character sitting on the ground with his hands up
281,Lycanroc Midday Form,a drawing of a furry animal with blue eyes
282,Miltank,a pink and black cartoon character holding a ball
283,Guzzlord,a drawing of a black and yellow monster
284,Greavard,a cartoon dog with a candle in its mouth
285,Hattrem,a blue and white pokemon character with big eyes
286,Hatenna,a pink and blue pokemon character laying down
287,Anorith,an image of a turtle with big eyes
288,Shelgon,a drawing of a white and black animal with yellow eyes
289,Cinccino,a cartoon bunny with a white blanket around it's neck
290,Toxapex,a drawing of a cartoon character with a big head
291,Swalot,a purple ghost with black eyes and a yellow nose
292,Lurantis,a pink and white animal with green leaves on its back
293,Tyrunt,a drawing of a dragon with its mouth open
294,Wurmple,a red and white pokemon with gold spikes
295,Gloom,a cartoon character with a bunch of balls on his head
296,Piloswine,a brown furry animal with long hair
297,Gurdurr,a cartoon character holding a giant red object
298,Amoonguss,a pink and white mushroom with a pink nose
299,Morpeko Full Belly Mode,a drawing of a cartoon character with red eyes
300,Tinkatuff,a cartoon character holding a baseball bat
301,Mankey,a drawing of a furry animal with its arms in the air
302,Illumise,a blue and yellow cartoon character flying through the air
303,Cacturne,a green and white stuffed animal wearing a green hat
304,Tinkatink,a pink cartoon character holding a purple object
305,Igglybuff,a pink cartoon character with big eyes
306,Maschiff,a cartoon character with yellow hair and a nose
307,Goldeen,a colorful fish with a horn on its head
308,Qwilfish,a cartoon character with an angry look on his face
309,Abra,a yellow cartoon character sitting on the ground
310,Purrloin,a purple cat with green eyes sitting down
311,Walrein,a cartoon of a blue bird with a large beak
312,Gulpin,a green cartoon character with a leaf on its head
313,Sandy Shocks,an image of a cartoon character with two eyes
314,Munchlax,a cartoon character with big eyes and a big mouth
315,Crobat,a purple bat with yellow eyes and yellow eyes
316,Lechonk,a cartoon pig with an angry look on its face
317,Volcanion,a cartoon character with a big head and a big body
318,Lillipup,a cartoon dog with a tongue sticking out
319,Xerneas,a drawing of a horse with colorful feathers on its head
320,Keldeo Ordinary Form,a pony with red hair and blue wings
321,Lapras,a drawing of a blue sea turtle holding a rock
322,Gyarados,a blue and yellow dragon with its mouth open
323,Sneasel,a cartoon character with a red tail and a blue body
324,Murkrow,a blue bird with a hat on its head
325,Scream Tail,a pink cat with yellow eyes sitting on the ground
326,Tentacool,a blue and red mushroom with red eyes
327,Skuntank,a purple and white furry animal with long legs
328,Watchog,a cartoon character in a striped outfit
329,Bibarel,a cartoon animal sitting on the ground
330,Oshawott,a stuffed animal with a blue shirt on
331,Pidgeotto,a bird with a pink bandanna on its head
332,Espurr,a drawing of an animal with big pink eyes
333,Lickilicky,a pink and yellow cartoon character
334,Houndoom,a cartoon of a black and orange dog
335,Nidorino,a pink dragon with spikes on its head
336,Hariyama,a cartoon character with a yellow shirt and blue pants
337,Milcery,a drawing of a white object floating in the air
338,Houndstone,a drawing of a large animal with a long tail
339,Talonflame,a red and black bird flying through the air
340,Dustox,a cartoon character flying through the air
341,Mimikyu,a drawing of a cartoon character holding a knife
342,Naclstack,an image of a cartoon character made out of blocks
343,Kommo-o,a yellow and gray dragon with red eyes
344,Seel,a cartoon cat with its mouth open and tongue out
345,Weepinbell,a cartoon banana with its mouth open
346,Iron Valiant,a picture of a green and white pokemon
347,Pyukumuku,a black cat with pink spikes on its head
348,Annihilape,a cartoon character with white hair and grey eyes
349,Pineco,a very cute looking animal with big eyes
350,Corvisquire,a blue and black bird with red eyes
351,Swablu,a blue bird with white clouds on its wings
352,Heracross,a very cute looking cartoon character with big eyes
353,Skitty,a pink pokemon character holding a pink balloon
354,Regidrago,a cartoon picture of a monster holding a ball
355,Masquerain,an orange and white bird with big eyes
356,Minun,a cartoon of a pikachu running
357,Flutter Mane,a drawing of a blue bird with red feathers
358,Cursola,a drawing of a strange looking object with arms and legs
359,Trapinch,a cartoon character with a broken arm
360,Girafarig,a cartoon giraffe with its mouth open
361,Tyrantrum,a very cute looking pokemon with a big mouth
362,Graveler,a very cute looking cartoon character with big eyes
363,Kadabra,a yellow pokemon character holding a spoon and fork
364,Poochyena,a gray cat with yellow eyes and a black background
365,Electivire,a yellow and black cartoon character with horns
366,Cosmog,a picture of a cartoon character with stars in the sky
367,Shiinotic,a cartoon character with a mushroom on his head
368,Melmetal,a robot that is standing up with two arms
369,Ledian,a red and yellow cartoon character with big eyes
370,Popplio,a blue bunny with a pink nose
371,Polteageist,a teapot with a purple and yellow design on it
372,Primeape,a furry animal with a ring around its neck
373,Toxtricity Amped Form,a very cute looking pokemon with big wings
374,Skiploom,a cartoon character with a flower on top of his head
375,Glastrier,a drawing of a blue and white unicorn
376,Vanillish,an ice cream cone with a smiley face
377,Probopass,a cartoon bird with a red hat on its head
378,Oricorio Baile Style,a red bird with a black and white stripe on it's wings
379,Chesnaught,a cartoon character with a green and white outfit
380,Kyurem,a gray and yellow pokemon type pokemon type pokemon type pokemon type pokemon type pokemon type
381,Pumpkaboo Average Size,a drawing of an animal with horns and eyes
382,Drakloak,a cartoon character with a hat on his head
383,Carnivine,a green monster with large teeth and big eyes
384,Torracat,a black and red cat with yellow eyes
385,Cherrim,a yellow and pink pokemon pikachu with big eyes
386,Roaring Moon,a red and blue bird with large wings
387,Pinsir,a cartoon character with horns and fangs on his face
388,Ursaring,a brown bear with a yellow circle on its chest
389,Snorunt,an image of a cartoon character with a big mouth
390,Samurott,a very cute looking pokemon with a big tail
391,Necrozma,a black and white image of a robot
392,Charcadet,a cartoon character with a yellow and red outfit
393,Cetoddle,a cartoon character flying through the air
394,Smeargle,a cartoon character holding a green object
395,Rellor,a cartoon picture of a bug crawling around a ball
396,Inteleon,a blue and yellow lizard with a long tail
397,Gardevoir,a drawing of a woman in a green and white dress
398,Magby,a pink and yellow pokemon character
399,Crabrawler,a purple and blue cartoon character sitting on the ground
400,Haxorus,a cartoon of a godzilla like creature with red horns
401,Toedscool,a cartoon character with yellow eyes and a nose
402,Koraidon,a drawing of a red and black dragon
403,Smoochum,a pink and yellow pokemon character with big blue eyes
404,Foongus,a white mushroom with a red nose and a black background
405,Hippowdon,a cartoon dinosaur with its mouth open
406,Geodude,a cartoon character that is flexing his muscles
407,Ursaluna,a drawing of a monster with its mouth open
408,Delibird,a red and white bird with big eyes
409,Oranguru,a cartoon character with a green leaf in his hand
410,Drapion,a very cute looking purple and white pokemon
411,Scyther,a green and white cartoon character with a sword
412,Stunky,a very cute looking purple and white animal
413,Swadloon,a cartoon character with green hair and eyes
414,Klefki,a cartoon character holding a pair of scissors
415,Magcargo,a cartoon fire hydrant with a flame coming out of it
416,Reuniclus,a cartoon character flying through the air
417,Vivillon,a pink butterfly with a black and white stripe on it's wings
418,Sirfetch'd,a cartoon bird with a sword in its hand
419,Honedge,a drawing of a cartoon character with a blue tail
420,Entei,a very angry looking animal with sharp teeth
421,Servine,a green and yellow bird with leaves on its back
422,Zubat,a blue and purple bat flying through the air
423,Umbreon,a drawing of a wolf with glowing eyes
424,Froslass,a white and blue cartoon character with big eyes
425,Pheromosa,a drawing of a woman with a bow and arrow
426,Boldore,a blue and orange pokemon character with yellow eyes
427,Landorus Incarnate Forme,a picture of a cat sitting on top of a cloud
428,Genesect,a purple cartoon character with a yellow light on his head
429,Larvesta,a cartoon character with red hair and a white face
430,Meowscarada,a green and white cat with a flower in its hand
431,Golett,a cartoon character with a blue outfit and a brown belt
432,Kartana,a pair of scissors that are cut into pieces
433,Lopunny,a cartoon of a rabbit with wings on it's back
434,Voltorb,a red and white ball with an angry look on it
435,Regirock,an orange and white object with a black background
436,Cherubi,a pink object with a green leaf on top of it
437,Barboach,a blue and white insect with a black background
438,Escavalier,a drawing of a cartoon character with horns
439,Vileplume,a mushroom with a ring on it's head
440,Mismagius,a cartoon character with a purple outfit and a purple hat
441,Litten,a drawing of a black cat with yellow eyes
442,Sealeo,a blue bird with a white wing on it's head
443,Dreepy,a drawing of a cartoon character with yellow eyes
444,Wooper,a drawing of a blue cartoon character with a smile on his face
445,Snivy,a green and yellow bird with big eyes
446,Blastoise,a blue and white cartoon character holding a brown turtle
447,Snorlax,a stuffed animal with spikes on it's legs
448,Persian,a cartoon of a cat with big eyes
449,Beartic,a white bear with a blue and red tie on it's chest
450,Gothorita,a black and white cat with blue eyes
451,Starly,a cartoon bird sitting on the ground
452,Bewear,a black and pink bear with pink paws
453,Nymble,a blue and white cartoon character with a yellow eye
454,Eelektrik,a cartoon fish with a big smile on its face
455,Whimsicott,a cartoon tree with green leaves on its head
456,Houndour,a black and white dog with a red nose
457,Appletun,a cartoon of a tortoise and a mushroom
458,Quilava,a cartoon character with a fire on his head
459,Magikarp,a cartoon fish with its mouth open and tongue out
460,Rattata,a drawing of a purple cat with its mouth open
461,Dudunsparce Two-Segment Form,a yellow and blue cartoon character flying through the air
462,Skeledirge,a picture of a dragon with fire coming out of its mouth
463,Tapu Lele,a pink and black animal sitting on top of a pink ball
464,Tornadus Incarnate Forme,an image of a cartoon character hanging from a string
465,Claydol,a black and red object with yellow circles on it
466,Clamperl,a cartoon character sleeping in a blue cup
467,Seedot,a cartoon character with a hat on his head
468,Dottler,a cartoon character with blue eyes and a yellow hat
469,Skiddo,a cartoon animal with a green scarf around its neck
470,Hypno,a yellow cat with a white collar and tail
471,Weedle,a cartoon caterpillar with a party hat on
472,Garchomp,a drawing of a cartoon character in a red and blue outfit
473,Garganacl,a picture of a minecraft character holding a bunch of blocks
474,Drowzee,an image of a cartoon character with his arms in the air
475,Greedent,a cartoon of a squirrel and a squirrelling
476,Stakataka,a robot made out of blocks with blue eyes
477,Ambipom,a cartoon character with two hands in the air
478,Spoink,a gray animal with a pink ball on its head
479,Pikipek,a black and white bird with a red beak
480,Frillish,a pink and white cartoon character with blue eyes
481,Honchkrow,a cartoon bird with a cigarette in its mouth
482,Tympole,a cartoon character with headphones on
483,Meganium,a cartoon dinosaur with a flower on its chest
484,Incineroar,a red and black cartoon character with flames
485,Lileep,a cartoon character with pink hair and a black nose
486,Magnezone,a cartoon character wearing a helmet with eyes
487,Beldum,a blue bird with a pink background
488,Tyranitar,a cartoon of a green and blue godzilla
489,Brute Bonnet,a very cute looking animal with a big grin on it's face
490,Glameow,a gray cat with yellow eyes and a tail
491,Dondozo,a blue and white fish with a black background
492,Pachirisu,a white and blue bird with yellow eyes
493,Swanna,a white bird with a yellow beak and a yellow beak
494,Primarina,a drawing of a blue and white cat
495,Nuzleaf,a cartoon character with a green leaf on his head
496,Zangoose,a white and red cat with a red tail
497,Ting-Lu,a very cute looking animal with glasses on it's head
498,Cutiefly,a drawing of a yellow and white bee
499,Gogoat,a cartoon goat with long horns and green leaves
500,Moltres,a yellow and red bird flying through the air
501,Dragonite,a cartoon of a dragon sitting on its hind legs
502,Golurk,a blue robot with two arms and legs
503,Metapod,a cartoon green object with eyes and a nose
504,Emboar,a cartoon character with a big bird on it's chest
505,Magneton,a couple of cartoon characters standing next to each other
506,Golisopod,a white and purple robot with a black background
507,Marowak,an orange and white cartoon character with a large bone on his head
508,Gigalith,a very cute looking pokemon with big eyes
509,Exeggutor,a pineapple plant with two faces on it
510,Mesprit,a pink and white cartoon character with yellow eyes
511,Jolteon,a yellow and white pokemon pikachu
512,Groudon,a red and white dragon with sharp teeth
513,Wobbuffet,an image of a cartoon character with a big smile
514,Delphox,a drawing of a red and yellow bird holding a stick
515,Exploud,a cartoon picture of a dragon with its mouth open
516,Dracozolt,a cartoon of a yellow and red dragon
517,Iron Bundle,a cartoon character holding a blue object
518,Mantyke,a cartoon character with a blue hat on
519,Malamar,a drawing of a cartoon character with blue hair
520,Pelipper,a blue and white bird with its mouth open
521,Simisage,a green and white cartoon character with big eyes
522,Espeon,a white pokemon with red eyes sitting down
523,Paras,a cartoon spider with big eyes and a pink hat
524,Noctowl,an owl with a crown on its head
525,Hitmonlee,an image of a cartoon character doing a trick
526,Slaking,a very cute looking cartoon character laying down
527,Solrock,a cartoon sun with two eyes and two arms
528,Komala,a cartoon koala hugging a piece of bread
529,Poliwhirl,a cartoon character holding a target
530,Palpitoad,a cartoon bird with a hat on its head
531,Eelektross,a very cute looking cartoon character with big teeth
532,Tangrowth,a blue monster with pink legs and a black face
533,Slurpuff,a cartoon character with pink hair and a pom pom on top of it
534,Patrat,a cartoon character with a big smile on his face
535,Spheal,a blue and white cartoon shark with its mouth open
536,Seadra,a very cute looking blue and yellow dragon
537,Ralts,a white cat with a green hat and pink ears
538,Registeel,a cartoon character with red eyes and arms
539,Arcanine,a drawing of a furry animal with glasses
540,Fomantis,a cartoon character with green hair and a pink nose
541,Lotad,a blue bird with a green hat on its head
542,Smoliv,a cartoon character with a green leaf on its head
543,Kyogre,a drawing of a blue fish with red eyes
544,Aerodactyl,a cartoon of a dragon with its mouth open
545,Pincurchin,a purple and yellow animal with spikes on it's head
546,Bronzor,a blue and yellow object with two yellow eyes
547,Sylveon,a pink and blue pokemon with big ears
548,Sharpedo,a cartoon shark with its mouth open and sharp teeth
549,Cufant,a cartoon elephant with a hat on its head
550,Quilladin,a cartoon character flying through the air
551,Prinplup,a blue and white bird with a yellow beak
552,Feebas,a cartoon fish with a pink tongue sticking out of it's mouth
553,Metagross,a drawing of a blue robot with red eyes
554,Fearow,an orange bird with white wings and a pink beak
555,Empoleon,a black and white penguin with a blue cape
556,Chimchar,a cartoon monkey with a big smile on his face
557,Sandaconda,a cartoon character is laying down on the ground
558,Staryu,a star with a pink ball inside of it
559,Grimmsnarl,a cartoon character with a demon like body
560,Rhyperior,a cartoon character with a big smile on his face
561,Pancham,a cartoon panda bear with a leaf in its mouth
562,Dwebble,a cartoon picture of a giant rock with eyes
563,Bruxish,a cartoon character with a big smile on his face
564,Armaldo,a blue and yellow pokemon figure
565,Phione,a blue cartoon character with big eyes
566,Frosmoth,a white bird flying through a blue sky
567,Pansear,a red and yellow cartoon character with big eyes
568,Alcremie,a cartoon character with white hair and red eyes
569,Joltik,a yellow pokemon pikachu with blue eyes
570,Happiny,a pink cartoon character sitting in a bowl
571,Spearow,a very cute looking bird with a big beak
572,Helioptile,a yellow and black pokemon with big eyes
573,Kingambit,a cartoon character sitting down with a sword in his hand
574,Maractus,a green and yellow cartoon character with flowers on its head
575,Wooloo,a white sheep with a black face and tail
576,Diancie,a very cute looking pokemon with a big pink object
577,Rabsca,a cartoon character holding a large object in his hand
578,Poipole,a very cute looking cartoon character on a black background
579,Muk,a purple monster with its mouth open
580,Klink,two gears with eyes and a cross on them
581,Scizor,a red pokemon character with a sword in his hand
582,Gorebyss,a pink squid with big eyes and a tail
583,Noivern,a drawing of a bird with wings and a tail
584,Herdier,a drawing of a dog with big eyes
585,Whiscash,a blue cartoon character floating on top of a body of water
586,Tynamo,a white object with a yellow line on it
587,Diglett,a cartoon character with a nose sticking out of the ground
588,Wyrdeer,a cartoon of a reindeer with antlers on it's head
589,Krokorok,a very cute looking cartoon character
590,Skarmory,a very cute looking pokemon with big wings
591,Remoraid,a cartoon fish with its mouth wide open
592,Hitmontop,a drawing of a cartoon character with big eyes
593,Hoppip,a pink pig with green arrows sticking out of it's head
594,Snom,a cartoon character sleeping on top of an iceberg
595,Cosmoem,a flower with a smiley face on it
596,Miraidon,a drawing of a blue and yellow dragon
597,Numel,a yellow and green cartoon animal sitting on a black background
598,Glalie,a white and black cat's head with blue eyes
599,Vaporeon,a blue and yellow cartoon character flying through the air
600,Porygon-Z,a pink and blue toy flying through the air
601,Bastiodon,a drawing of a triloon and a triloon
602,Lunatone,a computer generated image of a mechanical device
603,Machoke,a cartoon character with a big smile on his face
604,Slowbro,a pink and purple cartoon character holding a silver object
605,Mareanie,a very cute looking cartoon character with big ears
606,Mandibuzz,a bird with a large beak and large wings
607,Arceus,a very cute looking cartoon character with a sword
608,Throh,a cartoon character with an angry look on his face
609,Abomasnow,a white pokemon with green leaves on it
610,Bronzong,a cartoon character is holding a bell
611,Flittle,a yellow bird with a bow on its head
612,Nihilego,a drawing of a white monster with sharp teeth
613,Greninja,a very cute looking cartoon character with a big smile
614,Kecleon,a pink and green cartoon character sitting on top of a black background
615,Crustle,a cartoon character holding a giant rock
616,Shuppet,a blue cartoon character with yellow eyes
617,Stonjourner,a pair of rocks with crosses on them
618,Gossifleur,a drawing of a yellow bird with red wings
619,Ducklett,a blue bird with a yellow beak
620,Plusle,a cartoon bunny with a red ribbon around its neck
621,Poliwag,a blue bird with a pink nose and tail
622,Treecko,a green cartoon character with a red shirt
623,Torchic,a cartoon bird with a big smile on its face
624,Kabutops,a brown and white cartoon character holding a knife
625,Dunsparce,a yellow and blue toy flying through the air
626,Flygon,a green dragon with red eyes and wings
627,Spectrier,a drawing of a black horse with purple manes
628,Orbeetle,a ladybug with big eyes and big legs
629,Dugtrio,a group of three cartoon characters sitting on top of a pile of rocks
630,Marill,a cartoon character with a balloon in the air
631,Magearna,a cartoon character in a white and gold outfit
632,Silvally,a very cute looking cartoon character with big eyes
633,Cacnea,a green stuffed animal with a crown on it's head
634,Oddish,a blue flower pot with a green plant in it
635,Veluza,a cartoon shark with its mouth open and teeth wide open
636,Glimmora,a blue ball with a yellow light on it
637,Litwick,a cartoon ghost with a purple hat on its head
638,Pidgeot,a bird with a long beak flying through the air
639,Ribombee,a drawing of a cute little bee with big eyes
640,Sandslash,a very cute looking yellow pokemon character
641,Drilbur,a cartoon character with a big smile on his face
642,Slugma,a cartoon of a red creature with yellow eyes
643,Cranidos,a gray and blue pokemon character with red eyes
644,Jirachi,a cartoon character flying through the air
645,Chansey,a pink cartoon character holding a ball
646,Blacephalon,a drawing of a person holding a ball
647,Arctozolt,a very cute looking cartoon character sitting on top of a ball
648,Kangaskhan,a cartoon character holding a stuffed animal
649,Pichu,a cartoon pikachu with a black background
650,Hoopa Hoopa Confined,a cartoon character with a ring around his neck
651,Duskull,a cartoon character with a pink light in his eyes
652,Chingling,a pokemon pikachu flying through the air
653,Whirlipede,a drawing of a fish with a big yellow eye
654,Camerupt,a cartoon picture of a pink cow with blue numbers on it
655,Silicobra,a cartoon animal with green eyes sitting down
656,Ferroseed,a green and white ball with yellow eyes
657,Aron,a cartoon character with a big blue eye
658,Toucannon,a toucan bird with a colorful beak
659,Giratina Altered Forme,a yellow and black dragon sitting on top of a black ground
660,Riolu,a cartoon character in a blue outfit
661,Zekrom,a very cute looking pokemon with big wings
662,Haunter,a drawing of a purple cat with big eyes
663,Politoed,a green frog with a pink tongue sticking out
664,Iron Moth,a bug that is sitting on top of a black surface
665,Milotic,a pink and blue bird with a red ribbon around its neck
666,Golduck,a very cute looking pokemon character with a big smile
667,Absol,a white and black cartoon character with red eyes
668,Glaceon,a white and blue dog with a blue tail
669,Mienshao,a drawing of a white cat with yellow horns
670,Sprigatito,a green and white cat with big eyes
671,Tepig,a cartoon animal with a big nose and a big nose
672,Klang,a gear wheel with a blue ball inside of it
673,Barbaracle,a drawing of a cartoon character with claws
674,Zapdos,a yellow star with two birds on it
675,Clauncher,a drawing of a cartoon character with big eyes
676,Salamence,a blue and red dragon sitting on top of a black background
677,Skwovet,a cartoon of a squirrel hanging upside down
678,Wishiwashi Solo Form,a blue and white fish with big eyes
679,Raichu,a cartoon pikachu holding onto a sign
680,Hitmonchan,a cartoon character wearing a skirt and boxing gloves
681,Slakoth,a cartoon slotty laying down on its back
682,Iron Treads,a cartoon character with a red and black helmet
683,Ponyta,a white unicorn with orange hair standing in front of a black background
684,Togepi,a cartoon character holding a large egg
685,Snover,a cartoon character with a white hat and blue wings
686,Dubwool,a black and white goat with horns and horns
687,Solosis,a green circle with an animal face and a pink nose
688,Fraxure,a very cute looking pokemon with a big knife in its mouth
689,Caterpie,a green and yellow cartoon character with big eyes
690,Varoom,a cartoon character laying down on the ground
691,Psyduck,a yellow bird with big eyes and a bow on its head
692,Teddiursa,a brown teddy bear with a big smile on it's face
693,Piplup,a cartoon penguin with a scarf around its neck
694,Flamigo,a red and white bird with orange wings
695,Nickit,a red fox with a black nose and yellow eyes
696,Farfetch'd,a bird with a big beak holding a plant
697,Darumaka,a red and yellow cartoon character with big eyes
698,Finizen,a cartoon dolphin with a big smile on its face
699,Weavile,a very cute looking pokemon with big eyes
700,Mawile,a drawing of a woman standing next to a monster
701,Sewaddle,a cartoon bird with a green leaf around its neck
702,Unfezant,a cartoon bird with a pink beak and green wings
703,Buzzwole,a red and black robot holding a sword
704,Rockruff,a cartoon character flying through the air
705,Manaphy,a blue cartoon character flying through the air
706,Bunnelby,a cartoon rabbit with big ears sitting down
707,Seismitoad,a blue and black cartoon character with big eyes
708,Simipour,a drawing of a cartoon character with blue hair
709,Vanilluxe,two ice cream cones with faces on them
710,Cubchoo,a blue and white stuffed animal sitting on the ground
711,Mantine,a blue and white squid floating on top of water
712,Weezing,an image of a cartoon character flying through the air
713,Wiglett,a cartoon picture of a white goose with a red nose
714,Shiftry,a cartoon character with a green leaf on his arm
715,Corsola,a pink pokemon pikachu floating in a bowl
716,Roserade,an image of a cartoon character holding a heart
717,Carbink,a very cute looking cartoon character with big blue eyes
718,Heliolisk,a cartoon of a yellow and black lizard
719,Omanyte,an octopus with a hat on its head
720,Mime Jr.,a cartoon character with blue hair and a pink nose
721,Rufflet,a cartoon bird with an arrow on its head
722,Mothim,a drawing of a yellow and black butterfly
723,Klinklang,an image of a cartoon character holding a sword
724,Sliggoo,a very cute looking cartoon character with big eyes
725,Raticate,a brown rat with its mouth open and it's mouth wide open
726,Grookey,a green and brown animal with big eyes
727,Carkol,a cartoon of a lava rock with lava coming out of it
728,Dhelmise,a blue and yellow cartoon character holding a steering wheel
729,Dartrix,a green and white owl with big wings
730,Vibrava,a yellow insect with green eyes on a black background
731,Forretress,a red and white ball with a pair of glasses on top of it
732,Swampert,a blue and orange cartoon bird flying through the air
733,Basculegion Male,a pink and green fish with sharp teeth
734,Excadrill,a very cute looking animal with big horns
735,Morelull,a mushroom with two ears and two eyes
736,Fuecoco,a cartoon character with a big smile on his face
737,Chatot,a colorful bird with a black background
738,Klawf,a cartoon crab with eyes and claws on it's face
739,Jigglypuff,a pink cat with big eyes and a big smile
740,Loudred,an image of a cartoon character with an open mouth
741,Togetic,a white pokemon with red eyes and a tail
742,Feraligatr,a very cute looking pokemon with big teeth
743,Bisharp,a cartoon character with a helmet and a sword
744,Brambleghast,a drawing of a tree surrounded by stars
745,Wugtrio,a group of three brown rocks with pink noses
746,Wimpod,a purple and white object with yellow eyes
747,Mabosstiff,a cartoon picture of an animal with horns
748,Spinarak,a green spider with horns and horns on it's head
749,Vikavolt,a stylized image of a blue and yellow bird on a black background
750,Victreebel,a very cute looking cartoon banana with big eyes
751,Decidueye,a very cute looking bird with big wings
752,Cinderace,a picture of a cartoon character in red and white
753,Onix,a cartoon character with a snake like body
754,Aurorus,a blue and white dinosaur with a long tail
755,Venonat,a very cute furry animal with big eyes
756,Nidorina,a very cute looking pokemon with big eyes
757,Tranquill,a cartoon bird with its wings spread out
758,Lilligant,a green bird with orange flowers on its head
759,Buizel,a cartoon fox with a scarf around its neck
760,Mightyena,a black and white wolf with red eyes
761,Farigiraf,a cartoon giraffe with a funny look on its face
762,Type: Null,a drawing of a cartoon character holding a bird
763,Vulpix,a cartoon squirrel with a red mohawk sitting down
764,Clawitzer,a cartoon blue fish with a big mouth
765,Revavroom,a sticker of an animal with a gun in its mouth
766,Darmanitan Standard Mode,a red and yellow cartoon character flying through the air
767,Togedemaru,a white and brown animal with yellow eyes
768,Minccino,a white rabbit holding a green object in its paws
769,Baltoy,a cartoon cat with a pink background
770,Doduo,an illustration of a bird with a long beak
771,Kingdra,a blue and yellow seahorse with a black background
772,Shuckle,a red and yellow cartoon character laying on the ground
773,Rayquaza,the letter s is made up of a green dragon
774,Spidops,a pink and black flower with leaves on it
775,Palossand,a sandcastle with a red bird sitting on top of it
776,Mudbray,a brown and white horse standing on top of a black ground
777,Kricketune,a red and black cartoon character with big eyes
778,Shaymin Land Forme,a white cat with a pink flower on its back
779,Skrelp,a cartoon character with a hat on his head
780,Ferrothorn,a cartoon of a plant with yellow eyes
781,Luxray,a drawing of a black cat with yellow eyes
782,Ledyba,an orange and white fish with big eyes
783,Charjabug,a green cartoon character with a broken face
784,Misdreavus,a drawing of a blue monster with yellow eyes
785,Trumbeak,a black and white bird with an orange beak
786,Dewpider,a cartoon character with a spider on it's back
787,Applin,a green and red apple with a leaf sticking out of it
788,Sandygast,a cartoon ghost with a cigarette sticking out of its mouth
789,Yanma,a cartoon insect with a green body and orange legs
790,Kubfu,a sticker of a gray cat with a yellow light coming out of its mouth
791,Lugia,a white and blue pokemon bird flying through the air
792,Turtonator,a stylized image of a star with a dragon's head
793,Gimmighoul Chest Form,a cartoon of a machine with gold coins coming out of it
794,Hawlucha,a cartoon bird with orange and green wings
795,Leavanny,a green and yellow cartoon character
796,Vespiquen,a cartoon character dressed in a bee costume
797,Solgaleo,a very cute looking cartoon character with big eyes
798,Squirtle,a blue and brown turtle with its mouth open
799,Slowking,a cartoon of a red and white dragon wearing a hat
800,Exeggcute,a bunch of eggs with faces drawn on them
801,Basculin Red-Striped Form,a green and white cartoon character holding a knife
802,Emolga,a cartoon character flying through the air
803,Carvanha,a colorful fish with big eyes on a black background
804,Linoone,a very cute looking animal with big blue eyes
805,Zygarde 50% Forme,a stylized image of a green and black creature
806,Clefairy,a pink and black pokemon character with a big smile
807,Bayleef,a yellow pokemon with green leaves on its back
808,Drifloon,a purple monster with a yellow cross on it's chest
809,Panpour,a cartoon character with blue hair and blue eyes
810,Chespin,a drawing of a cartoon character with a green hat
811,Sceptile,a green pokemon sitting on top of a leaf
812,Azurill,a blue bear with a big smile on it's face
813,Jangmo-o,a gray and yellow cartoon character with big eyes
814,Glimmet,a blue and white cartoon character with yellow eyes
815,Staravia,a black and white bird with an orange beak
816,Tinkaton,a pink and purple pokemon character next to a purple object
817,Stufful,a pink and white teddy bear wearing a pink hat
818,Grafaiai,a drawing of a black and white cat with big eyes
819,Spiritomb,a pink and green object with yellow dots
820,Chikorita,a cartoon character with a green leaf on its head
821,Vanillite,a cartoon character with a big smile on his face
822,Scatterbug,a black and white drawing of a cartoon character
823,Spinda,a white and red stuffed animal with swirly eyes
824,Beheeyem,a cartoon character with a strange hat and green eyes
825,Grimer,a purple cartoon character sitting on the ground
826,Iron Thorns,a cartoon character with green eyes and spikes
827,Pawmot,a very cute looking pokemon character
828,Leafeon,a small yellow and green animal with large wings
829,Cyclizar,a green and black lizard with a red eye
830,Palafin Zero Form,a blue and white dolphin with a smile on its face
831,Zoroark,a drawing of a red and gray furry animal
832,Deerling,a pink and yellow pony with a yellow bow on its head
833,Celebi,a cartoon character flying through the air
834,Breloom,a green and white cartoon character with a mushroom on his head
835,Turtwig,a cartoon turtle with a leaf on its back
836,Zweilous,a very cute looking pokemon with big eyes
837,Gourgeist Average Size,a drawing of a pumpkin with a hair blowing in the wind
838,Swinub,a brown and brown striped animal with a pink nose
839,Copperajah,a very cute looking animal with big tusks
840,Dolliv,a drawing of a girl with a green scarf around her neck
841,Axew,a cartoon character with a green bow tie
842,Dragapult,a drawing of a creature with a hat on it's head
843,Pangoro,a gray and white animal with a leaf in its mouth
844,Darkrai,a drawing of a bird with a large beak
845,Krabby,a cartoon character with two arms and legs
846,Tentacruel,a blue and red jellyfish with red eyes
847,Lairon,a very cute looking cartoon character with big teeth
848,Eldegoss,a white ball with a green and yellow flower on it
849,Gothitelle,a black and white cat with blue eyes
850,Vigoroth,a cartoon character of a white creature with a red nose
851,Ninetales,a white cat sitting on top of a flower
852,Pawniard,a cartoon character with yellow eyes and a red hat
853,Rolycoly,a black and white image of a ball with orange eyes
854,Blitzle,a very cute looking cartoon character with a lightning bolt
855,Falinks,a yellow pokemon pikachu with a red bow on its head
856,Zamazenta Hero of Many Battles,a drawing of a red and blue cat
857,Bombirdier,a white and black bird with a red beak
858,Porygon2,a pink and blue bird with big eyes
859,Tapu Koko,an image of a cartoon character holding a kite
860,Dewgong,a white fish with a big smile on it's face
861,Croagunk,a blue pokemon with yellow eyes and a white shirt
862,Xatu,a green bird with a yellow beak and a white shirt
863,Toedscruel,a cartoon squid with a black hat and yellow legs
864,Krookodile,a pink and black cartoon character with big teeth
865,Volcarona,a very cute looking bird with horns on it's head
866,Regice,a blue and white object with gold eyes
867,Goodra,a purple and green cartoon character with long hair
868,Thwackey,a cartoon character holding two baseball bats
869,Meowth,a cartoon cat is holding a toothbrush
870,Grovyle,a green and red cartoon character
871,Volbeat,a cartoon character with scissors on his head
872,Nincada,a drawing of a cartoon character with big eyes
873,Unown,a cartoon character looking through a magnifying glass
874,Terrakion,a cartoon character with a very angry look on his face
875,Togekiss,a cartoon character flying through the air
876,Kricketot,a cartoon character with horns and a sweater
877,Zeraora,a very cute looking pokemon with big eyes
878,Bellsprout,a yellow bird sitting on top of a green leaf
879,Luvdisc,a pink object with two eyes and a nose
880,Garbodor,a very cute looking monster with big eyes
881,Horsea,a cartoon blue sea horse with big eyes
882,Dragalge,a drawing of a dragon with a flower on its back
883,Electrode,a blue and white ball with a smiley face
884,Salazzle,a cartoon of a lizard with a pink tail
885,Fennekin,a yellow and red pokemon pikachu with big eyes
886,Metang,a blue and white cartoon character with a big red eye
887,Donphan,a cartoon picture of an elephant with big horns
888,Jynx,a cartoon character wearing a purple mask and yellow hair
889,Yamask,a black cat with a red eye and a yellow ball
890,Braviary,a very cute looking bird with big wings
891,Magmar,a red and yellow pokemon character
892,Druddigon,a red and blue dragon with large teeth
893,Iron Hands,an image of a cartoon character in a yellow and black outfit
894,Kabuto,a mushroom with two pink eyes and a brown hat
895,Swoobat,a cartoon bat with a heart on its chest
896,Meloetta Aria Forme,a drawing of a girl with long hair
897,Charmander,a very cute looking pokemon with a big smile
898,Baxcalibur,a black and white cartoon of a dragon
899,Sunkern,a yellow and black cartoon character with a green leaf on it's head
900,Rowlet,an image of a cartoon bird with big eyes
901,Urshifu Single Strike Style,a black and white pokemon character with yellow feet
902,Lombre,a cartoon character with a green hat on
903,Meowstic Male,a blue and white cat with big blue eyes
904,Durant,a very cute looking robot with a big smile
905,Golem,a cartoon turtle with its mouth open
906,Tapu Bulu,a very cute looking animal with a big horn
907,Chewtle,a sticker of a cartoon character with an open mouth
908,Dewott,a blue and yellow bird with big eyes
909,Croconaw,a blue and yellow pokemon with a red mohawk
910,Clobbopus,an orange and white octopus with blue eyes
911,Cobalion,a very cute looking pokemon with a big toothbrush
912,Pansage,a green and yellow cartoon character with big eyes
913,Deino,a drawing of a blue and gray pony
914,Spewpa,an image of a cartoon character with two eyes
915,Floette,a drawing of a cartoon character holding a flower
916,Combee,a yellow bee with two faces and a smile on it's face
917,Flapple,a cartoon image of a flower in a vase
918,Burmy Plant Cloak,a pink creature with a black head and yellow eyes
919,Cofagrigus,a paper cut out of an egyptian god
920,Drednaw,a cartoon turtle with a big smile on its face
921,Furfrou,a drawing of a white furry animal with red eyes
922,Furret,a very cute looking cat with big eyes
923,Clefable,a white pokemon with pink wings and a pink tail
924,Blissey,a pink and white cartoon character with wings
925,Enamorus Incarnate Forme,a pink and black cartoon character on a cloud
926,Wailmer,a blue whale with a big smile on it's face
927,Grumpig,a pink and gray cartoon pig with a black background
928,Charmeleon,a red and white cartoon character holding a flame
929,Phantump,a drawing of a cartoon character with green leaves on his head
930,Venomoth,a purple fairy butterfly with big blue eyes
931,Natu,a green bird with yellow wings and a pink beak
932,Boltund,a yellow and gray cat with a black background
933,Simisear,a red and yellow cartoon character
934,Spritzee,a pink bird with a big red eye
935,Virizion,a green and white pokemon with a hat on
936,Flabébé,a cartoon character sitting on top of a flower
937,Armarouge,a cartoon character with a yellow and red outfit
938,Scolipede,a very cute looking cartoon character with big horns
939,Rillaboom,a cartoon character with a green and black outfit
940,Lokix,a cartoon of a monster with sharp teeth
941,Fidough,a yellow and white stuffed animal on a black background
942,Mamoswine,a cartoon animal with a blue mask on
943,Slither Wing,a red and white pokemon pokemon character
944,Capsakid,a very cute green pokemon character with big eyes
945,Drizzile,a cartoon character is running with a hat on
946,Tapu Fini,a drawing of a woman in a witches hat
947,Kirlia,a green and white cartoon character with big eyes
948,Steelix,a cartoon character with a big smile on his face
949,Omastar,an octopus with spikes on its head
950,Bramblin,a drawing of a flower that is yellow and brown
951,Rotom,a cartoon character with a lightning bolt in the background
952,Hoothoot,a very cute looking owl with big eyes
953,Karrablast,a very cute looking cartoon character with a big mouth
954,Torkoal,a cartoon turtle with a helmet on its back
955,Cramorant,a blue bird with a yellow beak holding a large object in it's beak
956,Victini,a very cute looking pokemon with a big hat on
957,Cloyster,an image of a cartoon character in a shell
958,Wormadam Plant Cloak,a group of three cartoon characters holding onto each other
959,Blipbug,an image of a cartoon character with big eyes
960,Relicanth,a drawing of a fish with a red eye
961,Wynaut,a blue cartoon character with a big smile
962,Raboot,a drawing of a cartoon character with red eyes
963,Zorua,a very cute looking cartoon character with big eyes
964,Timburr,a cartoon mouse carrying a large piece of wood
965,Drifblim,a very cute looking cartoon character with a cross on it's face
966,Altaria,a blue bird flying through the air on a black background
967,Cradily,a green and yellow cartoon character
968,Espathra,a drawing of a yellow and white pokemon character
969,Mudkip,a blue and orange fish with a white tail
970,Toxel,a purple and white cat with big eyes
971,Great Tusk,a very cute looking dragon with big horns
972,Lunala,a purple and yellow bat with stars on it
973,Mudsdale,a cartoon horse with long hair and boots
974,Shellder,a cartoon character with a tongue sticking out
975,Jumpluff,a cartoon blueberry with a green leaf on top of it
976,Bounsweet,a pink mushroom with green leaves on top of it
977,Trubbish,a green monster with big eyes sitting down
978,Beautifly,a very cute looking insect with big blue eyes
979,Bagon,a cartoon character with a towel on his head
980,Celesteela,a drawing of a sci - fi fi fi fi fi fi fi fi fi fi
981,Centiskorch,a cartoon of a fire breathing snake
982,Marshtomp,a blue and orange cartoon fish with its mouth open
983,Uxie,a drawing of a cartoon character holding a flower
984,Bergmite,a paper model of a fish with yellow eyes
985,Suicune,a blue and purple pokemon with a long tail
986,Sudowoodo,a cartoon character juggling green balls
987,Lanturn,a blue and yellow fish with a big smile
988,Mr. Mime,a pink and white cartoon character with blue hair
989,Kingler,a drawing of a cartoon character laying on the ground
990,Shroomish,a yellow and green cartoon character with a sad face
991,Mew,a drawing of a pink cat holding a hula hoop
992,Ekans,a purple snake sitting on top of a white background
993,Latios,a blue and white cartoon character flying through the air
994,Gligar,a pink cartoon character with a big smile
995,Cetitan,a drawing of a white and pink pokemon ball
996,Oinkologne Male,a cartoon pig with pink shoes and a black background
997,Combusken,a very cute looking pokemon with big claws
998,Roselia,a cartoon character holding a flower and a ball
999,Arctibax,a drawing of a blue bird with a yellow beak
1000,Nacli,a drawing of a brown and white object on a white background
1001,Slowpoke,a pink animal with a big smile on it's face
1002,Dachsbun,a brown dog with a yellow bow on it's neck
1003,Bonsly,a cartoon character with three green balls on his head
1004,Aegislash Shield Forme,a stylized image of a sword with wings
1005,Squawkabilly Green Plumage,a green and white bird with a black hat on its head
1006,Floatzel,a cartoon animal with a banana on its back
1007,Hakamo-o,a cartoon character with a yellow and white outfit
